community,Easting,Northing
ABENEZONE4,-16.72803056,13.00013889
ANIMATIONZONE5,-16.22183889,12.79573056
BADIONCOTO,-16.57995833,13.06242222
BALINGORZONE2,-16.36218333,12.77488056
BASSENEMANDOUARD,-16.35765278,13.087875
BASSENEZONE5,-16.24154167,12.80480278
BOUYEME,-16.120325,13.03270833
BRINDIAGO,-16.27595833,13.03670833
CAPARAN,-16.318075,12.866625
CHATEAUDEAUZONE4,-16.22843333,12.80865556
COUBALANGZONE2,-16.16834167,12.66366111
COUBANAOZONE4,-16.09060556,12.67212222
COUROUCK,-16.13644722,12.90413333
DARSSALAMCHERIFZONE2,-16.53618611,13.07799444
DIACOYECOMBOLY,-16.28390278,13.11698333
DIANGO,-16.06682778,12.88418889
DIANKIZONE2,-16.47522222,12.86507778
DIANNAHZONE3,-16.71437222,12.97480556
DIARONE,-16.17321944,12.82581111
DIEGOUNEZONE2,-16.364075,12.83714444
DIOGUE,-16.74227778,12.57060833
DJIBARA,-16.58374167,13.06646944
EBINKINEZONE2,-16.49763333,12.93521111
ELANA,-16.43542778,12.67616389
FINTHIOCKZONE2,-16.11011944,12.66444722
GRANDKOULAYE,-16.04769444,12.97629167
HITOU,-16.69200833,12.62056389
KABILINEZONE3,-16.5587,12.95319444
KACARE,-16.45960556,12.95192222
KAFOUNTINEZONE2,-16.74460556,12.92946944
KAFOUNTINEZONE6,-16.73397222,12.92787222
KAGNAROUZONE1,-16.22505278,12.92824167
KAGNOBONZONE1,-16.42033889,12.84267778
KARTIACKZONE2,-16.50024444,12.85853889
KATABA2,-16.56133056,13.01468333
KOUTENGHOR,-16.24946111,12.82772778
MACOUDA,-16.67481111,13.14244167
MANDOUARD2,-16.02644167,12.82082222
MANGUILINEBELFORTZONE1,-16.23557222,12.80408333
MARGOUNE,-16.07285278,12.89656667
MEDINAPLATEAUZONE1,-16.23809167,12.81003056
MEDJEDJEZONE1,-16.14360278,12.94516667
MONGONE,-16.4628,12.97962778
NIAMONEZONE1,-16.33198333,12.73921389
NIANKITE,-16.22970278,12.97558889
NIOMOUNEZONE2,-16.64716111,12.62056389
OUONCKZONE2,-16.05730556,12.70985556
SELETYZONE1,-16.57683333,13.14448333
SILINKINEZONE2,-16.00178056,12.94913611
SINDIANZONE2,-16.16187778,12.97201389
SINDIANZONE4,-16.18080833,12.97211667
SOUTOU,-16.26551667,12.87525278
SUELLEZONE2,-16.28350556,12.95223611
TABI,-16.232475,12.72906389
TENDOUCKZONE2,-16.46128889,12.72574444
TENGHORY1ZONE1,-16.20217222,12.80819167
TENGHORY5ZONE2,-16.20683333,12.806125
THIONCKESSYL1ZONE1,-16.48448889,12.79380833
THIONCKESSYL4ZONE3,-16.50303611,12.77548333
TOGHO,-16.09384167,12.741025
